task,primary_value,eval_loss,eval_accuracy,eval_runtime,eval_samples_per_second,eval_steps_per_second,epoch,eval_matthews_correlation,eval_f1
sst2,0.9277522935779816,0.22083993256092072,0.9277522935779816,19.6061,44.476,0.714,3.0,,
cola,0.5288802917060816,0.43018388748168945,,11.0499,94.39,1.538,3.0,0.5288802917060816,
mrpc,0.8955752212389381,0.3717827796936035,0.8553921568627451,14.1773,28.778,0.494,5.0,,0.8955752212389381
